/*
 Navicat Premium Data Transfer

 Source Server         : localhost
 Source Server Type    : MySQL
 Source Server Version : 50739 (5.7.39)
 Source Host           : localhost:8889
 Source Schema         : pizzabox

 Target Server Type    : MySQL
 Target Server Version : 50739 (5.7.39)
 File Encoding         : 65001

 Date: 31/01/2024 01:02:09
*/

SET NAMES utf8mb4;
SET FOREIGN_KEY_CHECKS = 0;

-- ----------------------------
-- Table structure for client
-- ----------------------------
DROP TABLE IF EXISTS `client`;
CREATE TABLE `client` (
  `NROCLIE` int(11) NOT NULL AUTO_INCREMENT,
  `NOMCLIE` char(20) DEFAULT NULL,
  `PRENOMCLIE` char(20) DEFAULT NULL,
  `ADRESSECLIE` char(50) DEFAULT NULL,
  `VILLECLIE` char(20) DEFAULT NULL,
  `CODEPOSTALCLIE` char(5) DEFAULT NULL,
  `TITRECLIE` char(20) DEFAULT NULL,
  `NROTELCLIE` char(20) DEFAULT NULL,
  PRIMARY KEY (`NROCLIE`) USING BTREE
) ENGINE=InnoDB AUTO_INCREMENT=81 DEFAULT CHARSET=latin1 ROW_FORMAT=DYNAMIC;

-- ----------------------------
-- Records of client
-- ----------------------------
BEGIN;
INSERT INTO `client` (`NROCLIE`, `NOMCLIE`, `PRENOMCLIE`, `ADRESSECLIE`, `VILLECLIE`, `CODEPOSTALCLIE`, `TITRECLIE`, `NROTELCLIE`) VALUES (1, 'Durban', 'Georges', '6, rue Emile Bertin', 'NANCY', '54000', 'M', NULL);
INSERT INTO `client` (`NROCLIE`, `NOMCLIE`, `PRENOMCLIE`, `ADRESSECLIE`, `VILLECLIE`, `CODEPOSTALCLIE`, `TITRECLIE`, `NROTELCLIE`) VALUES (2, 'Dumas', 'Jean-Baptiste', '10, rue Ernest Renan', 'LAXOU', '54520', 'M', NULL);
INSERT INTO `client` (`NROCLIE`, `NOMCLIE`, `PRENOMCLIE`, `ADRESSECLIE`, `VILLECLIE`, `CODEPOSTALCLIE`, `TITRECLIE`, `NROTELCLIE`) VALUES (3, 'Duvernoy', 'Martine', '24, rue du Sergent Blandan', 'NANCY', '54000', 'Mme', NULL);
INSERT INTO `client` (`NROCLIE`, `NOMCLIE`, `PRENOMCLIE`, `ADRESSECLIE`, `VILLECLIE`, `CODEPOSTALCLIE`, `TITRECLIE`, `NROTELCLIE`) VALUES (4, 'Durendal', 'Roland', '17, boulevard Charlemagne', 'NANCY', '54000', 'M', NULL);
INSERT INTO `client` (`NROCLIE`, `NOMCLIE`, `PRENOMCLIE`, `ADRESSECLIE`, `VILLECLIE`, `CODEPOSTALCLIE`, `TITRECLIE`, `NROTELCLIE`) VALUES (5, 'Durer', 'Albrecht', '20, rue Jules Ferry', 'NANCY', '54000', 'M', NULL);
INSERT INTO `client` (`NROCLIE`, `NOMCLIE`, `PRENOMCLIE`, `ADRESSECLIE`, `VILLECLIE`, `CODEPOSTALCLIE`, `TITRECLIE`, `NROTELCLIE`) VALUES (6, 'Duquesnoy', 'Agnès', '10, rue des Clos', 'LAXOU', '54520', 'Mlle', NULL);
INSERT INTO `client` (`NROCLIE`, `NOMCLIE`, `PRENOMCLIE`, `ADRESSECLIE`, `VILLECLIE`, `CODEPOSTALCLIE`, `TITRECLIE`, `NROTELCLIE`) VALUES (7, 'Dutronc', 'Jacques', '6, rue Rodin', 'VILLERS', '54600', 'M', NULL);
INSERT INTO `client` (`NROCLIE`, `NOMCLIE`, `PRENOMCLIE`, `ADRESSECLIE`, `VILLECLIE`, `CODEPOSTALCLIE`, `TITRECLIE`, `NROTELCLIE`) VALUES (8, 'Durham', 'Jonathan', '12, rue Voltaire', 'NANCY', '54000', 'M', NULL);
INSERT INTO `client` (`NROCLIE`, `NOMCLIE`, `PRENOMCLIE`, `ADRESSECLIE`, `VILLECLIE`, `CODEPOSTALCLIE`, `TITRECLIE`, `NROTELCLIE`) VALUES (9, 'Duluth', 'Pierre', '6, avenue Aristide Briand', 'NANCY', '54000', 'M', NULL);
INSERT INTO `client` (`NROCLIE`, `NOMCLIE`, `PRENOMCLIE`, `ADRESSECLIE`, `VILLECLIE`, `CODEPOSTALCLIE`, `TITRECLIE`, `NROTELCLIE`) VALUES (10, 'Dutilleux', 'Henry', '10, avenue Paul Déroulède', 'LAXOU', '54520', 'M', NULL);
INSERT INTO `client` (`NROCLIE`, `NOMCLIE`, `PRENOMCLIE`, `ADRESSECLIE`, `VILLECLIE`, `CODEPOSTALCLIE`, `TITRECLIE`, `NROTELCLIE`) VALUES (11, 'Dufour', 'Elodie', '52, boulevard Charlemagne', 'NANCY', '54000', 'Mme', NULL);
INSERT INTO `client` (`NROCLIE`, `NOMCLIE`, `PRENOMCLIE`, `ADRESSECLIE`, `VILLECLIE`, `CODEPOSTALCLIE`, `TITRECLIE`, `NROTELCLIE`) VALUES (12, 'Duchatelet', 'Emilie', '20, boulevard Emile Zola', 'LAXOU', '54520', 'Mlle', NULL);
INSERT INTO `client` (`NROCLIE`, `NOMCLIE`, `PRENOMCLIE`, `ADRESSECLIE`, `VILLECLIE`, `CODEPOSTALCLIE`, `TITRECLIE`, `NROTELCLIE`) VALUES (13, 'Durao', 'José', '10, avenue du Général Leclerc', 'VANDOEUVRE', '54000', 'M', NULL);
INSERT INTO `client` (`NROCLIE`, `NOMCLIE`, `PRENOMCLIE`, `ADRESSECLIE`, `VILLECLIE`, `CODEPOSTALCLIE`, `TITRECLIE`, `NROTELCLIE`) VALUES (14, 'Dubcek', 'Alexndre', '20, rue de la Moselotte', 'LAXOU', '54520', 'Mme', NULL);
INSERT INTO `client` (`NROCLIE`, `NOMCLIE`, `PRENOMCLIE`, `ADRESSECLIE`, `VILLECLIE`, `CODEPOSTALCLIE`, `TITRECLIE`, `NROTELCLIE`) VALUES (15, 'Dupatin', 'Sébastien', '101, rue Raymond Poincaré', 'NANCY', '54000', 'M', NULL);
INSERT INTO `client` (`NROCLIE`, `NOMCLIE`, `PRENOMCLIE`, `ADRESSECLIE`, `VILLECLIE`, `CODEPOSTALCLIE`, `TITRECLIE`, `NROTELCLIE`) VALUES (16, 'Dupeyron', 'Juliette', '55, rue Emile Bertin', 'NANCY', '54000', 'M', NULL);
INSERT INTO `client` (`NROCLIE`, `NOMCLIE`, `PRENOMCLIE`, `ADRESSECLIE`, `VILLECLIE`, `CODEPOSTALCLIE`, `TITRECLIE`, `NROTELCLIE`) VALUES (17, 'Durrazo', 'Jérémie', '120, avenue de Boufflers', 'NANCY', '54000', 'M', NULL);
INSERT INTO `client` (`NROCLIE`, `NOMCLIE`, `PRENOMCLIE`, `ADRESSECLIE`, `VILLECLIE`, `CODEPOSTALCLIE`, `TITRECLIE`, `NROTELCLIE`) VALUES (18, 'Durango', 'Flora', '220, boulevard des Aiguillettes', 'VILLERS', '54600', 'Mlle', NULL);
INSERT INTO `client` (`NROCLIE`, `NOMCLIE`, `PRENOMCLIE`, `ADRESSECLIE`, `VILLECLIE`, `CODEPOSTALCLIE`, `TITRECLIE`, `NROTELCLIE`) VALUES (19, 'Dusapin', 'Pascal', '45, rue de Maréville', 'LAXOU', '54520', 'M', NULL);
INSERT INTO `client` (`NROCLIE`, `NOMCLIE`, `PRENOMCLIE`, `ADRESSECLIE`, `VILLECLIE`, `CODEPOSTALCLIE`, `TITRECLIE`, `NROTELCLIE`) VALUES (20, 'Duparc', 'Henri', '20, rue de l\'Abbé Didelot', 'LAXOU', '54520', 'M', NULL);
INSERT INTO `client` (`NROCLIE`, `NOMCLIE`, `PRENOMCLIE`, `ADRESSECLIE`, `VILLECLIE`, `CODEPOSTALCLIE`, `TITRECLIE`, `NROTELCLIE`) VALUES (21, 'Durey', 'Louis', '30, rue Paul Bert', 'NANCY', '54000', 'M', NULL);
INSERT INTO `client` (`NROCLIE`, `NOMCLIE`, `PRENOMCLIE`, `ADRESSECLIE`, `VILLECLIE`, `CODEPOSTALCLIE`, `TITRECLIE`, `NROTELCLIE`) VALUES (22, 'Duroc', 'Pierre', '25, rue de Santifontaine', 'NANCY', '54000', 'M', NULL);
INSERT INTO `client` (`NROCLIE`, `NOMCLIE`, `PRENOMCLIE`, `ADRESSECLIE`, `VILLECLIE`, `CODEPOSTALCLIE`, `TITRECLIE`, `NROTELCLIE`) VALUES (23, 'Duverger', 'Maurice', '30, place de la Commanderie', 'NANCY', '54000', 'M', NULL);
INSERT INTO `client` (`NROCLIE`, `NOMCLIE`, `PRENOMCLIE`, `ADRESSECLIE`, `VILLECLIE`, `CODEPOSTALCLIE`, `TITRECLIE`, `NROTELCLIE`) VALUES (24, 'Dullin', 'Charles', '5, rue du Petit Arbois', 'LAXOU', '54520', 'M', NULL);
INSERT INTO `client` (`NROCLIE`, `NOMCLIE`, `PRENOMCLIE`, `ADRESSECLIE`, `VILLECLIE`, `CODEPOSTALCLIE`, `TITRECLIE`, `NROTELCLIE`) VALUES (25, 'Dughet', 'Gaspard', '20, rue Anatole France', 'NANCY', '54000', 'M', NULL);
INSERT INTO `client` (`NROCLIE`, `NOMCLIE`, `PRENOMCLIE`, `ADRESSECLIE`, `VILLECLIE`, `CODEPOSTALCLIE`, `TITRECLIE`, `NROTELCLIE`) VALUES (26, 'Durbuy', 'Claudine', '25, rue de la Forêt', 'LAXOU', '54520', 'Mlle', NULL);
INSERT INTO `client` (`NROCLIE`, `NOMCLIE`, `PRENOMCLIE`, `ADRESSECLIE`, `VILLECLIE`, `CODEPOSTALCLIE`, `TITRECLIE`, `NROTELCLIE`) VALUES (27, 'Dubrovnik', 'Raguse', '42, rue du Plateau', 'LAXOU', '54520', 'M', NULL);
INSERT INTO `client` (`NROCLIE`, `NOMCLIE`, `PRENOMCLIE`, `ADRESSECLIE`, `VILLECLIE`, `CODEPOSTALCLIE`, `TITRECLIE`, `NROTELCLIE`) VALUES (28, 'Dufay', 'Guillaume', '15, rue du Four', 'LAXOU', '54520', 'M', NULL);
INSERT INTO `client` (`NROCLIE`, `NOMCLIE`, `PRENOMCLIE`, `ADRESSECLIE`, `VILLECLIE`, `CODEPOSTALCLIE`, `TITRECLIE`, `NROTELCLIE`) VALUES (29, 'Dulcinée', 'Ginette', '53, avenue Aristide Briand', 'NANCY', '54000', 'M', NULL);
INSERT INTO `client` (`NROCLIE`, `NOMCLIE`, `PRENOMCLIE`, `ADRESSECLIE`, `VILLECLIE`, `CODEPOSTALCLIE`, `TITRECLIE`, `NROTELCLIE`) VALUES (30, 'Dudley', 'Carole', '10, boulevard d\'Haussonville', 'VILLERS', '54600', 'Mlle', NULL);
INSERT INTO `client` (`NROCLIE`, `NOMCLIE`, `PRENOMCLIE`, `ADRESSECLIE`, `VILLECLIE`, `CODEPOSTALCLIE`, `TITRECLIE`, `NROTELCLIE`) VALUES (31, 'Duse', 'Eléonora', '10, avenue Paul Déroulède', 'LAXOU', '54520', 'Mme', NULL);
INSERT INTO `client` (`NROCLIE`, `NOMCLIE`, `PRENOMCLIE`, `ADRESSECLIE`, `VILLECLIE`, `CODEPOSTALCLIE`, `TITRECLIE`, `NROTELCLIE`) VALUES (32, 'Dunedine', 'Ginette', '50, rue du Petit Arbois', 'LAXOU', '54520', 'Mme', NULL);
INSERT INTO `client` (`NROCLIE`, `NOMCLIE`, `PRENOMCLIE`, `ADRESSECLIE`, `VILLECLIE`, `CODEPOSTALCLIE`, `TITRECLIE`, `NROTELCLIE`) VALUES (33, 'Dudelange', 'Catherine', '3, place du Jet d\'eau', 'LAXOU', '54520', 'Mlle', NULL);
INSERT INTO `client` (`NROCLIE`, `NOMCLIE`, `PRENOMCLIE`, `ADRESSECLIE`, `VILLECLIE`, `CODEPOSTALCLIE`, `TITRECLIE`, `NROTELCLIE`) VALUES (34, 'Dukou', 'Michaël', '52, rue Jules Ferry', 'NANCY', '54000', 'M', NULL);
INSERT INTO `client` (`NROCLIE`, `NOMCLIE`, `PRENOMCLIE`, `ADRESSECLIE`, `VILLECLIE`, `CODEPOSTALCLIE`, `TITRECLIE`, `NROTELCLIE`) VALUES (35, 'Ducos', 'Martine', '10, place Paul painlevé', 'NANCY', '54000', 'Mle', NULL);
INSERT INTO `client` (`NROCLIE`, `NOMCLIE`, `PRENOMCLIE`, `ADRESSECLIE`, `VILLECLIE`, `CODEPOSTALCLIE`, `TITRECLIE`, `NROTELCLIE`) VALUES (36, 'Dunham', 'Catherine', '135, boulevard des Aiguilette', 'VILLERS', '54600', 'Mlle', NULL);
INSERT INTO `client` (`NROCLIE`, `NOMCLIE`, `PRENOMCLIE`, `ADRESSECLIE`, `VILLECLIE`, `CODEPOSTALCLIE`, `TITRECLIE`, `NROTELCLIE`) VALUES (37, 'Duclos', 'Jacques', '42, boulevard Charlemagne', 'NANCY', '54000', 'M', NULL);
INSERT INTO `client` (`NROCLIE`, `NOMCLIE`, `PRENOMCLIE`, `ADRESSECLIE`, `VILLECLIE`, `CODEPOSTALCLIE`, `TITRECLIE`, `NROTELCLIE`) VALUES (38, 'Dublin', 'Zaccharie', '42, avenue du Montet', 'VANDOEUVRE', '54500', 'M', NULL);
INSERT INTO `client` (`NROCLIE`, `NOMCLIE`, `PRENOMCLIE`, `ADRESSECLIE`, `VILLECLIE`, `CODEPOSTALCLIE`, `TITRECLIE`, `NROTELCLIE`) VALUES (39, 'Duchesne', 'Aline', '5, allée du Bassigny', 'LAXOU', '54520', 'Mme', NULL);
INSERT INTO `client` (`NROCLIE`, `NOMCLIE`, `PRENOMCLIE`, `ADRESSECLIE`, `VILLECLIE`, `CODEPOSTALCLIE`, `TITRECLIE`, `NROTELCLIE`) VALUES (40, 'Ducommun', 'Elie', '42, rue du Sergent Blandan', 'NANCY', '54000', 'M', NULL);
INSERT INTO `client` (`NROCLIE`, `NOMCLIE`, `PRENOMCLIE`, `ADRESSECLIE`, `VILLECLIE`, `CODEPOSTALCLIE`, `TITRECLIE`, `NROTELCLIE`) VALUES (41, 'Dubout', 'Albert', '20, avenue du Montet', 'VANDOEUVRE', '54500', 'M', NULL);
INSERT INTO `client` (`NROCLIE`, `NOMCLIE`, `PRENOMCLIE`, `ADRESSECLIE`, `VILLECLIE`, `CODEPOSTALCLIE`, `TITRECLIE`, `NROTELCLIE`) VALUES (42, 'Dubarry', 'Jeanne', '74, boulevard de Hardeval', 'LAXOU', '54520', 'Mme', NULL);
INSERT INTO `client` (`NROCLIE`, `NOMCLIE`, `PRENOMCLIE`, `ADRESSECLIE`, `VILLECLIE`, `CODEPOSTALCLIE`, `TITRECLIE`, `NROTELCLIE`) VALUES (43, 'Dugommier', 'Jacques', '45, avenue de l\'Europe', 'LAXOU', '54520', 'M', NULL);
INSERT INTO `client` (`NROCLIE`, `NOMCLIE`, `PRENOMCLIE`, `ADRESSECLIE`, `VILLECLIE`, `CODEPOSTALCLIE`, `TITRECLIE`, `NROTELCLIE`) VALUES (44, 'Duhem', 'Pierre', '10, rue Victor Hugo', 'LAXOU', '54520', 'M', NULL);
INSERT INTO `client` (`NROCLIE`, `NOMCLIE`, `PRENOMCLIE`, `ADRESSECLIE`, `VILLECLIE`, `CODEPOSTALCLIE`, `TITRECLIE`, `NROTELCLIE`) VALUES (45, 'Duprat', 'Antoine', '25, rue de Heubach', 'LAXOU', '54520', 'M', NULL);
INSERT INTO `client` (`NROCLIE`, `NOMCLIE`, `PRENOMCLIE`, `ADRESSECLIE`, `VILLECLIE`, `CODEPOSTALCLIE`, `TITRECLIE`, `NROTELCLIE`) VALUES (46, 'Duguillet', 'Pernette', '15, rue Lavigerie', 'NANCY', '54000', 'Mle', NULL);
INSERT INTO `client` (`NROCLIE`, `NOMCLIE`, `PRENOMCLIE`, `ADRESSECLIE`, `VILLECLIE`, `CODEPOSTALCLIE`, `TITRECLIE`, `NROTELCLIE`) VALUES (47, 'Dumas', 'Alexandre', '25, rue du Sergent Bobillot', 'NANCY', '54000', 'M', NULL);
INSERT INTO `client` (`NROCLIE`, `NOMCLIE`, `PRENOMCLIE`, `ADRESSECLIE`, `VILLECLIE`, `CODEPOSTALCLIE`, `TITRECLIE`, `NROTELCLIE`) VALUES (48, 'Dupin', 'Jacques', '5, rue de l\'Octroi', 'NANCY', '54000', 'M', NULL);
INSERT INTO `client` (`NROCLIE`, `NOMCLIE`, `PRENOMCLIE`, `ADRESSECLIE`, `VILLECLIE`, `CODEPOSTALCLIE`, `TITRECLIE`, `NROTELCLIE`) VALUES (49, 'Dumézil', 'Georges', '25, avenue de l\'Europe', 'NANCY', '54520', 'M', NULL);
INSERT INTO `client` (`NROCLIE`, `NOMCLIE`, `PRENOMCLIE`, `ADRESSECLIE`, `VILLECLIE`, `CODEPOSTALCLIE`, `TITRECLIE`, `NROTELCLIE`) VALUES (50, 'Duguit', 'Léon', '12, rue Jean Mermoz', 'VILLERS', '54600', 'M', NULL);
INSERT INTO `client` (`NROCLIE`, `NOMCLIE`, `PRENOMCLIE`, `ADRESSECLIE`, `VILLECLIE`, `CODEPOSTALCLIE`, `TITRECLIE`, `NROTELCLIE`) VALUES (51, 'Dupin', 'André', '52, avenue Paul Déroulède', 'LAXOU', '54520', 'M', NULL);
INSERT INTO `client` (`NROCLIE`, `NOMCLIE`, `PRENOMCLIE`, `ADRESSECLIE`, `VILLECLIE`, `CODEPOSTALCLIE`, `TITRECLIE`, `NROTELCLIE`) VALUES (52, 'Dupond', 'Patrick', '24, rue du Onze Novembre', 'LAXOU', '54520', 'M', NULL);
INSERT INTO `client` (`NROCLIE`, `NOMCLIE`, `PRENOMCLIE`, `ADRESSECLIE`, `VILLECLIE`, `CODEPOSTALCLIE`, `TITRECLIE`, `NROTELCLIE`) VALUES (53, 'Dupré', 'Marcel', '35, avenue Pierre Curie', 'LAXOU', '54520', 'M', NULL);
INSERT INTO `client` (`NROCLIE`, `NOMCLIE`, `PRENOMCLIE`, `ADRESSECLIE`, `VILLECLIE`, `CODEPOSTALCLIE`, `TITRECLIE`, `NROTELCLIE`) VALUES (54, 'Dutourd', 'Jean', '21, rue de Cronstadt', 'NANCY', '54000', 'M', NULL);
INSERT INTO `client` (`NROCLIE`, `NOMCLIE`, `PRENOMCLIE`, `ADRESSECLIE`, `VILLECLIE`, `CODEPOSTALCLIE`, `TITRECLIE`, `NROTELCLIE`) VALUES (55, 'Dutrochet', 'René', '3, avenue de l\'europe', 'LAXOU', '54520', 'M', NULL);
INSERT INTO `client` (`NROCLIE`, `NOMCLIE`, `PRENOMCLIE`, `ADRESSECLIE`, `VILLECLIE`, `CODEPOSTALCLIE`, `TITRECLIE`, `NROTELCLIE`) VALUES (56, 'Duvivier', 'Julien', '2, rue de l\'Abbé Gridel', 'NANCY', '54000', 'M', NULL);
INSERT INTO `client` (`NROCLIE`, `NOMCLIE`, `PRENOMCLIE`, `ADRESSECLIE`, `VILLECLIE`, `CODEPOSTALCLIE`, `TITRECLIE`, `NROTELCLIE`) VALUES (57, 'Duruflé', 'Maurice', '6, place des Ducs de Bar', 'NANCY', '54000', 'M', NULL);
INSERT INTO `client` (`NROCLIE`, `NOMCLIE`, `PRENOMCLIE`, `ADRESSECLIE`, `VILLECLIE`, `CODEPOSTALCLIE`, `TITRECLIE`, `NROTELCLIE`) VALUES (58, 'Duras', 'Marguerite', '25, boulevard Cattenoz', 'VILLERS', '54600', 'Mme', NULL);
INSERT INTO `client` (`NROCLIE`, `NOMCLIE`, `PRENOMCLIE`, `ADRESSECLIE`, `VILLECLIE`, `CODEPOSTALCLIE`, `TITRECLIE`, `NROTELCLIE`) VALUES (59, 'Duparc', 'Thérèse', '51, avenue de L\'Europe', 'LAXOU', '54520', 'Mme', NULL);
INSERT INTO `client` (`NROCLIE`, `NOMCLIE`, `PRENOMCLIE`, `ADRESSECLIE`, `VILLECLIE`, `CODEPOSTALCLIE`, `TITRECLIE`, `NROTELCLIE`) VALUES (60, 'Dupré', 'Jules', '2, rue Léomont', 'VILLERS', '54600', 'M', NULL);
INSERT INTO `client` (`NROCLIE`, `NOMCLIE`, `PRENOMCLIE`, `ADRESSECLIE`, `VILLECLIE`, `CODEPOSTALCLIE`, `TITRECLIE`, `NROTELCLIE`) VALUES (61, 'Duguesclin', 'Bertrand', '72, rue de Santifontaine', 'NANCY', '54000', 'M', NULL);
INSERT INTO `client` (`NROCLIE`, `NOMCLIE`, `PRENOMCLIE`, `ADRESSECLIE`, `VILLECLIE`, `CODEPOSTALCLIE`, `TITRECLIE`, `NROTELCLIE`) VALUES (62, 'Dupré', 'Jacqueline', '25, rue de Mondésert', 'NANCY', '54000', 'Mme', NULL);
INSERT INTO `client` (`NROCLIE`, `NOMCLIE`, `PRENOMCLIE`, `ADRESSECLIE`, `VILLECLIE`, `CODEPOSTALCLIE`, `TITRECLIE`, `NROTELCLIE`) VALUES (63, 'Dumas', 'Alexandre', '14, boulevard Cattenoz', 'VILLERS', '54600', 'M', NULL);
INSERT INTO `client` (`NROCLIE`, `NOMCLIE`, `PRENOMCLIE`, `ADRESSECLIE`, `VILLECLIE`, `CODEPOSTALCLIE`, `TITRECLIE`, `NROTELCLIE`) VALUES (64, 'Dunand', 'Henri', '74, Boulevard de Baudricourt', 'VILLERS', '54600', 'M', NULL);
INSERT INTO `client` (`NROCLIE`, `NOMCLIE`, `PRENOMCLIE`, `ADRESSECLIE`, `VILLECLIE`, `CODEPOSTALCLIE`, `TITRECLIE`, `NROTELCLIE`) VALUES (65, 'Duplessis', 'Armand', '20, rue de la Forêt', 'LAXOU', '54520', 'M', NULL);
INSERT INTO `client` (`NROCLIE`, `NOMCLIE`, `PRENOMCLIE`, `ADRESSECLIE`, `VILLECLIE`, `CODEPOSTALCLIE`, `TITRECLIE`, `NROTELCLIE`) VALUES (66, 'Dulac', 'Germaine', '12, rue Marie-Odile', 'LAXOU', '54000', 'Mlle', NULL);
INSERT INTO `client` (`NROCLIE`, `NOMCLIE`, `PRENOMCLIE`, `ADRESSECLIE`, `VILLECLIE`, `CODEPOSTALCLIE`, `TITRECLIE`, `NROTELCLIE`) VALUES (67, 'Dulong', 'Pierre', '13, rue de Mondésert', 'NANCY', '54000', 'M', NULL);
INSERT INTO `client` (`NROCLIE`, `NOMCLIE`, `PRENOMCLIE`, `ADRESSECLIE`, `VILLECLIE`, `CODEPOSTALCLIE`, `TITRECLIE`, `NROTELCLIE`) VALUES (68, 'Dukas', 'Paul', '14, rue Edouard Grosjean', 'LAXOU', '54520', 'M', NULL);
INSERT INTO `client` (`NROCLIE`, `NOMCLIE`, `PRENOMCLIE`, `ADRESSECLIE`, `VILLECLIE`, `CODEPOSTALCLIE`, `TITRECLIE`, `NROTELCLIE`) VALUES (69, 'Dufy', 'Raoul', '23, rue du Pressoir', 'LAXOU', '54000', 'M', NULL);
INSERT INTO `client` (`NROCLIE`, `NOMCLIE`, `PRENOMCLIE`, `ADRESSECLIE`, `VILLECLIE`, `CODEPOSTALCLIE`, `TITRECLIE`, `NROTELCLIE`) VALUES (70, 'Dufresne', 'Diane', '25, Rue Pasteur', 'NANCY', '54000', 'Mme', NULL);
INSERT INTO `client` (`NROCLIE`, `NOMCLIE`, `PRENOMCLIE`, `ADRESSECLIE`, `VILLECLIE`, `CODEPOSTALCLIE`, `TITRECLIE`, `NROTELCLIE`) VALUES (71, 'Duby', 'Georges', '51, rue des Coteaux', 'VILLERS', '54600', 'M', NULL);
INSERT INTO `client` (`NROCLIE`, `NOMCLIE`, `PRENOMCLIE`, `ADRESSECLIE`, `VILLECLIE`, `CODEPOSTALCLIE`, `TITRECLIE`, `NROTELCLIE`) VALUES (72, 'Dubalet', 'Raoul', '14, rue baron Buquet', 'VILLERS', '54600', 'M', NULL);
INSERT INTO `client` (`NROCLIE`, `NOMCLIE`, `PRENOMCLIE`, `ADRESSECLIE`, `VILLECLIE`, `CODEPOSTALCLIE`, `TITRECLIE`, `NROTELCLIE`) VALUES (73, 'Durango', 'Marina', '51, rue Ernest Albert', 'LAXOU', '54520', 'Mme', NULL);
INSERT INTO `client` (`NROCLIE`, `NOMCLIE`, `PRENOMCLIE`, `ADRESSECLIE`, `VILLECLIE`, `CODEPOSTALCLIE`, `TITRECLIE`, `NROTELCLIE`) VALUES (74, 'Dubillard', 'Roland', '13, rue Chopin', 'VILLERS', '54600', 'M', NULL);
INSERT INTO `client` (`NROCLIE`, `NOMCLIE`, `PRENOMCLIE`, `ADRESSECLIE`, `VILLECLIE`, `CODEPOSTALCLIE`, `TITRECLIE`, `NROTELCLIE`) VALUES (75, 'Duchamps', 'marcel', '54, rue Raymond Poincaré', 'LAXOU', '54520', 'M', NULL);
INSERT INTO `client` (`NROCLIE`, `NOMCLIE`, `PRENOMCLIE`, `ADRESSECLIE`, `VILLECLIE`, `CODEPOSTALCLIE`, `TITRECLIE`, `NROTELCLIE`) VALUES (76, 'Dubellay', 'Joachim', '21, rue Mozart', 'VILLERS', '54600', 'M', NULL);
INSERT INTO `client` (`NROCLIE`, `NOMCLIE`, `PRENOMCLIE`, `ADRESSECLIE`, `VILLECLIE`, `CODEPOSTALCLIE`, `TITRECLIE`, `NROTELCLIE`) VALUES (77, 'Dubuffet', 'Jean', '38, rue Coriolis', 'NANCY', '5400', 'M', NULL);
INSERT INTO `client` (`NROCLIE`, `NOMCLIE`, `PRENOMCLIE`, `ADRESSECLIE`, `VILLECLIE`, `CODEPOSTALCLIE`, `TITRECLIE`, `NROTELCLIE`) VALUES (78, 'Dubos', 'René', '45, rue de l\'Asnée', 'VILLERS', '54600', 'M', NULL);
INSERT INTO `client` (`NROCLIE`, `NOMCLIE`, `PRENOMCLIE`, `ADRESSECLIE`, `VILLECLIE`, `CODEPOSTALCLIE`, `TITRECLIE`, `NROTELCLIE`) VALUES (79, 'Ducasse', 'Alain', '15, Allées de Médreville', 'LAXOU', '54520', 'M', NULL);
INSERT INTO `client` (`NROCLIE`, `NOMCLIE`, `PRENOMCLIE`, `ADRESSECLIE`, `VILLECLIE`, `CODEPOSTALCLIE`, `TITRECLIE`, `NROTELCLIE`) VALUES (80, 'Ducharme', 'Réjean', '65, rue du Colonel Moll', 'LAXOU', '54520', 'M', NULL);
COMMIT;

-- ----------------------------
-- Table structure for commande
-- ----------------------------
DROP TABLE IF EXISTS `commande`;
CREATE TABLE `commande` (
  `NROCMDE` int(11) NOT NULL,
  `DATECMDE` date DEFAULT NULL,
  `HEURECMDE` time DEFAULT NULL,
  `NROCLIE` int(11) NOT NULL,
  `NROLIVR` int(11) DEFAULT NULL,
  PRIMARY KEY (`NROCMDE`) USING BTREE,
  KEY `FK_FAIT` (`NROCLIE`) USING BTREE,
  KEY `FK_LIVRE` (`NROLIVR`) USING BTREE,
  CONSTRAINT `FK_FAIT` FOREIGN KEY (`NROCLIE`) REFERENCES `client` (`NROCLIE`),
  CONSTRAINT `FK_LIVRE` FOREIGN KEY (`NROLIVR`) REFERENCES `livreur` (`NROLIVR`)
) ENGINE=InnoDB DEFAULT CHARSET=latin1 ROW_FORMAT=DYNAMIC;

-- ----------------------------
-- Records of commande
-- ----------------------------
BEGIN;
INSERT INTO `commande` (`NROCMDE`, `DATECMDE`, `HEURECMDE`, `NROCLIE`, `NROLIVR`) VALUES (453, '2021-04-06', '11:05:00', 66, 303);
INSERT INTO `commande` (`NROCMDE`, `DATECMDE`, `HEURECMDE`, `NROCLIE`, `NROLIVR`) VALUES (454, '2021-04-06', '11:25:00', 40, 303);
INSERT INTO `commande` (`NROCMDE`, `DATECMDE`, `HEURECMDE`, `NROCLIE`, `NROLIVR`) VALUES (455, '2021-04-06', '11:45:00', 80, 303);
INSERT INTO `commande` (`NROCMDE`, `DATECMDE`, `HEURECMDE`, `NROCLIE`, `NROLIVR`) VALUES (456, '2021-04-06', '11:55:00', 16, 303);
INSERT INTO `commande` (`NROCMDE`, `DATECMDE`, `HEURECMDE`, `NROCLIE`, `NROLIVR`) VALUES (457, '2021-04-06', '12:20:00', 15, 202);
INSERT INTO `commande` (`NROCMDE`, `DATECMDE`, `HEURECMDE`, `NROCLIE`, `NROLIVR`) VALUES (458, '2021-04-07', '12:25:00', 14, 202);
INSERT INTO `commande` (`NROCMDE`, `DATECMDE`, `HEURECMDE`, `NROCLIE`, `NROLIVR`) VALUES (459, '2021-04-07', '12:50:00', 34, 303);
INSERT INTO `commande` (`NROCMDE`, `DATECMDE`, `HEURECMDE`, `NROCLIE`, `NROLIVR`) VALUES (460, '2021-04-07', '13:15:00', 25, 202);
INSERT INTO `commande` (`NROCMDE`, `DATECMDE`, `HEURECMDE`, `NROCLIE`, `NROLIVR`) VALUES (461, '2021-04-07', '18:14:00', 52, 202);
INSERT INTO `commande` (`NROCMDE`, `DATECMDE`, `HEURECMDE`, `NROCLIE`, `NROLIVR`) VALUES (462, '2021-04-07', '18:24:00', 74, 202);
INSERT INTO `commande` (`NROCMDE`, `DATECMDE`, `HEURECMDE`, `NROCLIE`, `NROLIVR`) VALUES (463, '2021-04-07', '18:40:00', 72, 303);
INSERT INTO `commande` (`NROCMDE`, `DATECMDE`, `HEURECMDE`, `NROCLIE`, `NROLIVR`) VALUES (464, '2021-04-07', '19:00:00', 11, 303);
INSERT INTO `commande` (`NROCMDE`, `DATECMDE`, `HEURECMDE`, `NROCLIE`, `NROLIVR`) VALUES (465, '2021-04-07', '19:10:00', 42, 303);
INSERT INTO `commande` (`NROCMDE`, `DATECMDE`, `HEURECMDE`, `NROCLIE`, `NROLIVR`) VALUES (466, '2021-04-07', '19:20:00', 30, 202);
INSERT INTO `commande` (`NROCMDE`, `DATECMDE`, `HEURECMDE`, `NROCLIE`, `NROLIVR`) VALUES (467, '2021-04-07', '19:25:00', 62, 202);
INSERT INTO `commande` (`NROCMDE`, `DATECMDE`, `HEURECMDE`, `NROCLIE`, `NROLIVR`) VALUES (468, '2021-04-07', '19:35:00', 7, 202);
INSERT INTO `commande` (`NROCMDE`, `DATECMDE`, `HEURECMDE`, `NROCLIE`, `NROLIVR`) VALUES (469, '2021-04-07', '19:40:00', 8, 303);
INSERT INTO `commande` (`NROCMDE`, `DATECMDE`, `HEURECMDE`, `NROCLIE`, `NROLIVR`) VALUES (470, '2021-04-07', '19:50:00', 64, 303);
INSERT INTO `commande` (`NROCMDE`, `DATECMDE`, `HEURECMDE`, `NROCLIE`, `NROLIVR`) VALUES (471, '2021-04-07', '19:55:00', 4, 101);
INSERT INTO `commande` (`NROCMDE`, `DATECMDE`, `HEURECMDE`, `NROCLIE`, `NROLIVR`) VALUES (472, '2021-04-07', '20:00:00', 27, 202);
INSERT INTO `commande` (`NROCMDE`, `DATECMDE`, `HEURECMDE`, `NROCLIE`, `NROLIVR`) VALUES (473, '2021-04-07', '20:10:00', 38, 202);
INSERT INTO `commande` (`NROCMDE`, `DATECMDE`, `HEURECMDE`, `NROCLIE`, `NROLIVR`) VALUES (474, '2021-04-07', '20:15:00', 39, 202);
INSERT INTO `commande` (`NROCMDE`, `DATECMDE`, `HEURECMDE`, `NROCLIE`, `NROLIVR`) VALUES (475, '2021-04-07', '20:25:00', 75, 303);
INSERT INTO `commande` (`NROCMDE`, `DATECMDE`, `HEURECMDE`, `NROCLIE`, `NROLIVR`) VALUES (476, '2021-04-07', '20:35:00', 31, 303);
INSERT INTO `commande` (`NROCMDE`, `DATECMDE`, `HEURECMDE`, `NROCLIE`, `NROLIVR`) VALUES (477, '2021-04-09', '11:40:00', 13, 404);
INSERT INTO `commande` (`NROCMDE`, `DATECMDE`, `HEURECMDE`, `NROCLIE`, `NROLIVR`) VALUES (478, '2021-04-09', '11:50:00', 60, 404);
INSERT INTO `commande` (`NROCMDE`, `DATECMDE`, `HEURECMDE`, `NROCLIE`, `NROLIVR`) VALUES (479, '2021-04-09', '12:30:00', 18, 202);
INSERT INTO `commande` (`NROCMDE`, `DATECMDE`, `HEURECMDE`, `NROCLIE`, `NROLIVR`) VALUES (480, '2021-04-09', '12:45:00', 54, 404);
INSERT INTO `commande` (`NROCMDE`, `DATECMDE`, `HEURECMDE`, `NROCLIE`, `NROLIVR`) VALUES (481, '2021-04-09', '19:10:00', 35, 505);
INSERT INTO `commande` (`NROCMDE`, `DATECMDE`, `HEURECMDE`, `NROCLIE`, `NROLIVR`) VALUES (482, '2021-04-09', '19:20:00', 51, 505);
INSERT INTO `commande` (`NROCMDE`, `DATECMDE`, `HEURECMDE`, `NROCLIE`, `NROLIVR`) VALUES (483, '2021-04-09', '19:30:00', 48, 505);
INSERT INTO `commande` (`NROCMDE`, `DATECMDE`, `HEURECMDE`, `NROCLIE`, `NROLIVR`) VALUES (484, '2021-04-09', '19:50:00', 3, 101);
INSERT INTO `commande` (`NROCMDE`, `DATECMDE`, `HEURECMDE`, `NROCLIE`, `NROLIVR`) VALUES (485, '2021-04-09', '20:45:00', 59, 505);
INSERT INTO `commande` (`NROCMDE`, `DATECMDE`, `HEURECMDE`, `NROCLIE`, `NROLIVR`) VALUES (486, '2021-04-09', '20:50:00', 13, 505);
INSERT INTO `commande` (`NROCMDE`, `DATECMDE`, `HEURECMDE`, `NROCLIE`, `NROLIVR`) VALUES (487, '2021-04-11', '12:10:00', 52, 101);
INSERT INTO `commande` (`NROCMDE`, `DATECMDE`, `HEURECMDE`, `NROCLIE`, `NROLIVR`) VALUES (488, '2021-04-11', '12:15:00', 67, 101);
INSERT INTO `commande` (`NROCMDE`, `DATECMDE`, `HEURECMDE`, `NROCLIE`, `NROLIVR`) VALUES (489, '2021-04-11', '12:30:00', 29, 101);
INSERT INTO `commande` (`NROCMDE`, `DATECMDE`, `HEURECMDE`, `NROCLIE`, `NROLIVR`) VALUES (490, '2021-04-11', '12:50:00', 45, 101);
INSERT INTO `commande` (`NROCMDE`, `DATECMDE`, `HEURECMDE`, `NROCLIE`, `NROLIVR`) VALUES (495, '2021-04-11', '20:35:00', 20, 101);
INSERT INTO `commande` (`NROCMDE`, `DATECMDE`, `HEURECMDE`, `NROCLIE`, `NROLIVR`) VALUES (496, '2024-01-30', '14:06:41', 12, 404);
INSERT INTO `commande` (`NROCMDE`, `DATECMDE`, `HEURECMDE`, `NROCLIE`, `NROLIVR`) VALUES (497, '2024-01-30', '14:12:44', 39, 303);
INSERT INTO `commande` (`NROCMDE`, `DATECMDE`, `HEURECMDE`, `NROCLIE`, `NROLIVR`) VALUES (498, '2024-01-30', '14:12:47', 25, 303);
INSERT INTO `commande` (`NROCMDE`, `DATECMDE`, `HEURECMDE`, `NROCLIE`, `NROLIVR`) VALUES (499, '2024-01-30', '14:13:05', 32, 101);
INSERT INTO `commande` (`NROCMDE`, `DATECMDE`, `HEURECMDE`, `NROCLIE`, `NROLIVR`) VALUES (500, '2024-01-30', '14:13:10', 36, 303);
INSERT INTO `commande` (`NROCMDE`, `DATECMDE`, `HEURECMDE`, `NROCLIE`, `NROLIVR`) VALUES (501, '2024-01-30', '14:21:31', 3, 606);
INSERT INTO `commande` (`NROCMDE`, `DATECMDE`, `HEURECMDE`, `NROCLIE`, `NROLIVR`) VALUES (502, '2024-01-30', '14:24:28', 71, 202);
INSERT INTO `commande` (`NROCMDE`, `DATECMDE`, `HEURECMDE`, `NROCLIE`, `NROLIVR`) VALUES (503, '2024-01-30', '21:43:27', 22, 505);
INSERT INTO `commande` (`NROCMDE`, `DATECMDE`, `HEURECMDE`, `NROCLIE`, `NROLIVR`) VALUES (505, '2024-01-30', '21:46:48', 11, 404);
INSERT INTO `commande` (`NROCMDE`, `DATECMDE`, `HEURECMDE`, `NROCLIE`, `NROLIVR`) VALUES (506, '2024-01-30', '23:26:19', 19, 101);
INSERT INTO `commande` (`NROCMDE`, `DATECMDE`, `HEURECMDE`, `NROCLIE`, `NROLIVR`) VALUES (507, '2024-01-30', '23:35:32', 6, 505);
INSERT INTO `commande` (`NROCMDE`, `DATECMDE`, `HEURECMDE`, `NROCLIE`, `NROLIVR`) VALUES (508, '2024-01-30', '23:35:46', 7, 505);
INSERT INTO `commande` (`NROCMDE`, `DATECMDE`, `HEURECMDE`, `NROCLIE`, `NROLIVR`) VALUES (509, '2024-01-30', '23:44:59', 56, 202);
INSERT INTO `commande` (`NROCMDE`, `DATECMDE`, `HEURECMDE`, `NROCLIE`, `NROLIVR`) VALUES (510, '2024-01-30', '23:45:14', 21, 505);
COMMIT;

-- ----------------------------
-- Table structure for composer
-- ----------------------------
DROP TABLE IF EXISTS `composer`;
CREATE TABLE `composer` (
  `NROPIZZ` int(11) NOT NULL,
  `CODEINGR` char(20) NOT NULL,
  `QTECOMP` int(11) DEFAULT NULL,
  PRIMARY KEY (`CODEINGR`,`NROPIZZ`) USING BTREE,
  KEY `FK_COMPOSER2` (`NROPIZZ`) USING BTREE,
  CONSTRAINT `FK_COMPOSER` FOREIGN KEY (`CODEINGR`) REFERENCES `ingredient` (`CODEINGR`),
  CONSTRAINT `FK_COMPOSER2` FOREIGN KEY (`NROPIZZ`) REFERENCES `pizza` (`NROPIZZ`)
) ENGINE=InnoDB DEFAULT CHARSET=latin1 ROW_FORMAT=DYNAMIC;

-- ----------------------------
-- Records of composer
-- ----------------------------
BEGIN;
INSERT INTO `composer` (`NROPIZZ`, `CODEINGR`, `QTECOMP`) VALUES (10, 'artichaut', 5);
INSERT INTO `composer` (`NROPIZZ`, `CODEINGR`, `QTECOMP`) VALUES (11, 'basilic', 10);
INSERT INTO `composer` (`NROPIZZ`, `CODEINGR`, `QTECOMP`) VALUES (7, 'boeuf', 75);
INSERT INTO `composer` (`NROPIZZ`, `CODEINGR`, `QTECOMP`) VALUES (9, 'boeuf', 50);
INSERT INTO `composer` (`NROPIZZ`, `CODEINGR`, `QTECOMP`) VALUES (13, 'capre', 20);
INSERT INTO `composer` (`NROPIZZ`, `CODEINGR`, `QTECOMP`) VALUES (1, 'champignon', 40);
INSERT INTO `composer` (`NROPIZZ`, `CODEINGR`, `QTECOMP`) VALUES (4, 'champignon', 20);
INSERT INTO `composer` (`NROPIZZ`, `CODEINGR`, `QTECOMP`) VALUES (9, 'champignon', 30);
INSERT INTO `composer` (`NROPIZZ`, `CODEINGR`, `QTECOMP`) VALUES (2, 'chèvre', 60);
INSERT INTO `composer` (`NROPIZZ`, `CODEINGR`, `QTECOMP`) VALUES (3, 'chèvre', 40);
INSERT INTO `composer` (`NROPIZZ`, `CODEINGR`, `QTECOMP`) VALUES (6, 'chèvre', 30);
INSERT INTO `composer` (`NROPIZZ`, `CODEINGR`, `QTECOMP`) VALUES (1, 'chorizo', 50);
INSERT INTO `composer` (`NROPIZZ`, `CODEINGR`, `QTECOMP`) VALUES (4, 'crème', 10);
INSERT INTO `composer` (`NROPIZZ`, `CODEINGR`, `QTECOMP`) VALUES (12, 'crème', 50);
INSERT INTO `composer` (`NROPIZZ`, `CODEINGR`, `QTECOMP`) VALUES (3, 'emmental', 50);
INSERT INTO `composer` (`NROPIZZ`, `CODEINGR`, `QTECOMP`) VALUES (11, 'féta', 70);
INSERT INTO `composer` (`NROPIZZ`, `CODEINGR`, `QTECOMP`) VALUES (6, 'herbes', 5);
INSERT INTO `composer` (`NROPIZZ`, `CODEINGR`, `QTECOMP`) VALUES (1, 'jambon', 60);
INSERT INTO `composer` (`NROPIZZ`, `CODEINGR`, `QTECOMP`) VALUES (2, 'jambon', 40);
INSERT INTO `composer` (`NROPIZZ`, `CODEINGR`, `QTECOMP`) VALUES (4, 'jambon', 40);
INSERT INTO `composer` (`NROPIZZ`, `CODEINGR`, `QTECOMP`) VALUES (5, 'jambon', 50);
INSERT INTO `composer` (`NROPIZZ`, `CODEINGR`, `QTECOMP`) VALUES (12, 'jambon', 40);
INSERT INTO `composer` (`NROPIZZ`, `CODEINGR`, `QTECOMP`) VALUES (4, 'lard', 20);
INSERT INTO `composer` (`NROPIZZ`, `CODEINGR`, `QTECOMP`) VALUES (12, 'lard', 40);
INSERT INTO `composer` (`NROPIZZ`, `CODEINGR`, `QTECOMP`) VALUES (8, 'merguez', 1);
INSERT INTO `composer` (`NROPIZZ`, `CODEINGR`, `QTECOMP`) VALUES (1, 'mozzarelle', 120);
INSERT INTO `composer` (`NROPIZZ`, `CODEINGR`, `QTECOMP`) VALUES (2, 'mozzarelle', 90);
INSERT INTO `composer` (`NROPIZZ`, `CODEINGR`, `QTECOMP`) VALUES (3, 'mozzarelle', 60);
INSERT INTO `composer` (`NROPIZZ`, `CODEINGR`, `QTECOMP`) VALUES (5, 'mozzarelle', 120);
INSERT INTO `composer` (`NROPIZZ`, `CODEINGR`, `QTECOMP`) VALUES (6, 'mozzarelle', 80);
INSERT INTO `composer` (`NROPIZZ`, `CODEINGR`, `QTECOMP`) VALUES (7, 'mozzarelle', 80);
INSERT INTO `composer` (`NROPIZZ`, `CODEINGR`, `QTECOMP`) VALUES (8, 'mozzarelle', 80);
INSERT INTO `composer` (`NROPIZZ`, `CODEINGR`, `QTECOMP`) VALUES (9, 'mozzarelle', 120);
INSERT INTO `composer` (`NROPIZZ`, `CODEINGR`, `QTECOMP`) VALUES (10, 'mozzarelle', 80);
INSERT INTO `composer` (`NROPIZZ`, `CODEINGR`, `QTECOMP`) VALUES (11, 'mozzarelle', 60);
INSERT INTO `composer` (`NROPIZZ`, `CODEINGR`, `QTECOMP`) VALUES (13, 'mozzarelle', 80);
INSERT INTO `composer` (`NROPIZZ`, `CODEINGR`, `QTECOMP`) VALUES (5, 'oeuf', 1);
INSERT INTO `composer` (`NROPIZZ`, `CODEINGR`, `QTECOMP`) VALUES (8, 'oeuf', 1);
INSERT INTO `composer` (`NROPIZZ`, `CODEINGR`, `QTECOMP`) VALUES (7, 'oignon', 40);
INSERT INTO `composer` (`NROPIZZ`, `CODEINGR`, `QTECOMP`) VALUES (10, 'oignon', 30);
INSERT INTO `composer` (`NROPIZZ`, `CODEINGR`, `QTECOMP`) VALUES (12, 'oignon', 20);
INSERT INTO `composer` (`NROPIZZ`, `CODEINGR`, `QTECOMP`) VALUES (2, 'olive', 6);
INSERT INTO `composer` (`NROPIZZ`, `CODEINGR`, `QTECOMP`) VALUES (7, 'olive', 6);
INSERT INTO `composer` (`NROPIZZ`, `CODEINGR`, `QTECOMP`) VALUES (10, 'olive', 8);
INSERT INTO `composer` (`NROPIZZ`, `CODEINGR`, `QTECOMP`) VALUES (11, 'olive', 8);
INSERT INTO `composer` (`NROPIZZ`, `CODEINGR`, `QTECOMP`) VALUES (8, 'poivron', 40);
INSERT INTO `composer` (`NROPIZZ`, `CODEINGR`, `QTECOMP`) VALUES (9, 'poivron', 30);
INSERT INTO `composer` (`NROPIZZ`, `CODEINGR`, `QTECOMP`) VALUES (10, 'poivron', 30);
INSERT INTO `composer` (`NROPIZZ`, `CODEINGR`, `QTECOMP`) VALUES (11, 'poivron', 20);
INSERT INTO `composer` (`NROPIZZ`, `CODEINGR`, `QTECOMP`) VALUES (9, 'poulet', 60);
INSERT INTO `composer` (`NROPIZZ`, `CODEINGR`, `QTECOMP`) VALUES (12, 'roblochon', 40);
INSERT INTO `composer` (`NROPIZZ`, `CODEINGR`, `QTECOMP`) VALUES (3, 'roquefort', 40);
INSERT INTO `composer` (`NROPIZZ`, `CODEINGR`, `QTECOMP`) VALUES (13, 'thon', 60);
INSERT INTO `composer` (`NROPIZZ`, `CODEINGR`, `QTECOMP`) VALUES (6, 'thym', 4);
INSERT INTO `composer` (`NROPIZZ`, `CODEINGR`, `QTECOMP`) VALUES (10, 'thym', 4);
INSERT INTO `composer` (`NROPIZZ`, `CODEINGR`, `QTECOMP`) VALUES (1, 'tomate', 80);
INSERT INTO `composer` (`NROPIZZ`, `CODEINGR`, `QTECOMP`) VALUES (2, 'tomate', 70);
INSERT INTO `composer` (`NROPIZZ`, `CODEINGR`, `QTECOMP`) VALUES (3, 'tomate', 60);
INSERT INTO `composer` (`NROPIZZ`, `CODEINGR`, `QTECOMP`) VALUES (4, 'tomate', 80);
INSERT INTO `composer` (`NROPIZZ`, `CODEINGR`, `QTECOMP`) VALUES (5, 'tomate', 60);
INSERT INTO `composer` (`NROPIZZ`, `CODEINGR`, `QTECOMP`) VALUES (6, 'tomate', 60);
INSERT INTO `composer` (`NROPIZZ`, `CODEINGR`, `QTECOMP`) VALUES (7, 'tomate', 80);
INSERT INTO `composer` (`NROPIZZ`, `CODEINGR`, `QTECOMP`) VALUES (8, 'tomate', 80);
INSERT INTO `composer` (`NROPIZZ`, `CODEINGR`, `QTECOMP`) VALUES (9, 'tomate', 100);
INSERT INTO `composer` (`NROPIZZ`, `CODEINGR`, `QTECOMP`) VALUES (10, 'tomate', 80);
INSERT INTO `composer` (`NROPIZZ`, `CODEINGR`, `QTECOMP`) VALUES (13, 'tomate', 80);
INSERT INTO `composer` (`NROPIZZ`, `CODEINGR`, `QTECOMP`) VALUES (6, 'tomates', 1);
INSERT INTO `composer` (`NROPIZZ`, `CODEINGR`, `QTECOMP`) VALUES (10, 'tomates', 1);
INSERT INTO `composer` (`NROPIZZ`, `CODEINGR`, `QTECOMP`) VALUES (11, 'tomates', 80);
INSERT INTO `composer` (`NROPIZZ`, `CODEINGR`, `QTECOMP`) VALUES (13, 'tomates', 1);
COMMIT;

-- ----------------------------
-- Table structure for ingredient
-- ----------------------------
DROP TABLE IF EXISTS `ingredient`;
CREATE TABLE `ingredient` (
  `CODEINGR` char(20) NOT NULL,
  `NOMINGR` char(20) DEFAULT NULL,
  `UNITEINGR` char(20) DEFAULT NULL,
  PRIMARY KEY (`CODEINGR`) USING BTREE
) ENGINE=InnoDB DEFAULT CHARSET=latin1 ROW_FORMAT=DYNAMIC;

-- ----------------------------
-- Records of ingredient
-- ----------------------------
BEGIN;
INSERT INTO `ingredient` (`CODEINGR`, `NOMINGR`, `UNITEINGR`) VALUES ('artichaut', 'Cœur d\'artichaut', 'u');
INSERT INTO `ingredient` (`CODEINGR`, `NOMINGR`, `UNITEINGR`) VALUES ('basilic', 'Basilic Frais', 'gr');
INSERT INTO `ingredient` (`CODEINGR`, `NOMINGR`, `UNITEINGR`) VALUES ('boeuf', 'Bœuf haché', 'gr');
INSERT INTO `ingredient` (`CODEINGR`, `NOMINGR`, `UNITEINGR`) VALUES ('capre', 'Capres', 'gr');
INSERT INTO `ingredient` (`CODEINGR`, `NOMINGR`, `UNITEINGR`) VALUES ('champignon', 'Champignons frais', 'gr');
INSERT INTO `ingredient` (`CODEINGR`, `NOMINGR`, `UNITEINGR`) VALUES ('chèvre', 'Fromage de chêvre', 'gr');
INSERT INTO `ingredient` (`CODEINGR`, `NOMINGR`, `UNITEINGR`) VALUES ('chorizo', 'Chorizo', 'gr');
INSERT INTO `ingredient` (`CODEINGR`, `NOMINGR`, `UNITEINGR`) VALUES ('ciboulette', 'Ciboulette fraîche', 'gr');
INSERT INTO `ingredient` (`CODEINGR`, `NOMINGR`, `UNITEINGR`) VALUES ('crème', 'Crème fraiche', 'cl');
INSERT INTO `ingredient` (`CODEINGR`, `NOMINGR`, `UNITEINGR`) VALUES ('emmental', 'emmental français', 'gr');
INSERT INTO `ingredient` (`CODEINGR`, `NOMINGR`, `UNITEINGR`) VALUES ('féta', 'Féta provençale', 'gr');
INSERT INTO `ingredient` (`CODEINGR`, `NOMINGR`, `UNITEINGR`) VALUES ('herbes', 'Herbes de provences', 'gr');
INSERT INTO `ingredient` (`CODEINGR`, `NOMINGR`, `UNITEINGR`) VALUES ('jambon', 'Epaule de porc', 'gr');
INSERT INTO `ingredient` (`CODEINGR`, `NOMINGR`, `UNITEINGR`) VALUES ('lard', 'Lardons', 'gr');
INSERT INTO `ingredient` (`CODEINGR`, `NOMINGR`, `UNITEINGR`) VALUES ('merguez', 'Merguez', 'u');
INSERT INTO `ingredient` (`CODEINGR`, `NOMINGR`, `UNITEINGR`) VALUES ('mozzarelle', 'Fromage mozzarelle', 'gr');
INSERT INTO `ingredient` (`CODEINGR`, `NOMINGR`, `UNITEINGR`) VALUES ('oeuf', 'Œuf', 'u');
INSERT INTO `ingredient` (`CODEINGR`, `NOMINGR`, `UNITEINGR`) VALUES ('oignon', 'Oignons frais', 'gr');
INSERT INTO `ingredient` (`CODEINGR`, `NOMINGR`, `UNITEINGR`) VALUES ('olive', 'olives noires', 'u');
INSERT INTO `ingredient` (`CODEINGR`, `NOMINGR`, `UNITEINGR`) VALUES ('poivron', 'Poivron Frais', 'gr');
INSERT INTO `ingredient` (`CODEINGR`, `NOMINGR`, `UNITEINGR`) VALUES ('poulet', 'morceaux de poulet', 'u');
INSERT INTO `ingredient` (`CODEINGR`, `NOMINGR`, `UNITEINGR`) VALUES ('roblochon', 'roblochon de savoie', 'gr');
INSERT INTO `ingredient` (`CODEINGR`, `NOMINGR`, `UNITEINGR`) VALUES ('roquefort', 'Roquefort', 'gr');
INSERT INTO `ingredient` (`CODEINGR`, `NOMINGR`, `UNITEINGR`) VALUES ('thon', 'Miettes de thon', 'gr');
INSERT INTO `ingredient` (`CODEINGR`, `NOMINGR`, `UNITEINGR`) VALUES ('thym', 'Thym de provence', 'gr');
INSERT INTO `ingredient` (`CODEINGR`, `NOMINGR`, `UNITEINGR`) VALUES ('tomate', 'Purée de tomate', 'ml');
INSERT INTO `ingredient` (`CODEINGR`, `NOMINGR`, `UNITEINGR`) VALUES ('tomates', 'Tomates fraiches', 'u');
COMMIT;

-- ----------------------------
-- Table structure for lister
-- ----------------------------
DROP TABLE IF EXISTS `lister`;
CREATE TABLE `lister` (
  `NROCMDE` int(11) NOT NULL,
  `NROPIZZ` int(11) NOT NULL,
  `QTELIST` int(11) DEFAULT NULL,
  PRIMARY KEY (`NROPIZZ`,`NROCMDE`) USING BTREE,
  KEY `FK_LISTER2` (`NROCMDE`) USING BTREE,
  CONSTRAINT `FK_LISTER` FOREIGN KEY (`NROPIZZ`) REFERENCES `pizza` (`NROPIZZ`),
  CONSTRAINT `FK_LISTER2` FOREIGN KEY (`NROCMDE`) REFERENCES `commande` (`NROCMDE`)
) ENGINE=InnoDB DEFAULT CHARSET=latin1 ROW_FORMAT=DYNAMIC;

-- ----------------------------
-- Records of lister
-- ----------------------------
BEGIN;
INSERT INTO `lister` (`NROCMDE`, `NROPIZZ`, `QTELIST`) VALUES (453, 1, 2);
INSERT INTO `lister` (`NROCMDE`, `NROPIZZ`, `QTELIST`) VALUES (458, 1, 3);
INSERT INTO `lister` (`NROCMDE`, `NROPIZZ`, `QTELIST`) VALUES (469, 1, 2);
INSERT INTO `lister` (`NROCMDE`, `NROPIZZ`, `QTELIST`) VALUES (478, 1, 3);
INSERT INTO `lister` (`NROCMDE`, `NROPIZZ`, `QTELIST`) VALUES (464, 2, 1);
INSERT INTO `lister` (`NROCMDE`, `NROPIZZ`, `QTELIST`) VALUES (465, 2, 1);
INSERT INTO `lister` (`NROCMDE`, `NROPIZZ`, `QTELIST`) VALUES (476, 2, 2);
INSERT INTO `lister` (`NROCMDE`, `NROPIZZ`, `QTELIST`) VALUES (485, 2, 1);
INSERT INTO `lister` (`NROCMDE`, `NROPIZZ`, `QTELIST`) VALUES (455, 3, 1);
INSERT INTO `lister` (`NROCMDE`, `NROPIZZ`, `QTELIST`) VALUES (470, 3, 1);
INSERT INTO `lister` (`NROCMDE`, `NROPIZZ`, `QTELIST`) VALUES (477, 3, 1);
INSERT INTO `lister` (`NROCMDE`, `NROPIZZ`, `QTELIST`) VALUES (495, 3, 1);
INSERT INTO `lister` (`NROCMDE`, `NROPIZZ`, `QTELIST`) VALUES (462, 4, 1);
INSERT INTO `lister` (`NROCMDE`, `NROPIZZ`, `QTELIST`) VALUES (473, 4, 1);
INSERT INTO `lister` (`NROCMDE`, `NROPIZZ`, `QTELIST`) VALUES (480, 4, 2);
INSERT INTO `lister` (`NROCMDE`, `NROPIZZ`, `QTELIST`) VALUES (487, 4, 2);
INSERT INTO `lister` (`NROCMDE`, `NROPIZZ`, `QTELIST`) VALUES (471, 5, 2);
INSERT INTO `lister` (`NROCMDE`, `NROPIZZ`, `QTELIST`) VALUES (481, 5, 2);
INSERT INTO `lister` (`NROCMDE`, `NROPIZZ`, `QTELIST`) VALUES (488, 5, 2);
INSERT INTO `lister` (`NROCMDE`, `NROPIZZ`, `QTELIST`) VALUES (489, 6, 2);
INSERT INTO `lister` (`NROCMDE`, `NROPIZZ`, `QTELIST`) VALUES (459, 7, 1);
INSERT INTO `lister` (`NROCMDE`, `NROPIZZ`, `QTELIST`) VALUES (461, 7, 2);
INSERT INTO `lister` (`NROCMDE`, `NROPIZZ`, `QTELIST`) VALUES (482, 7, 3);
INSERT INTO `lister` (`NROCMDE`, `NROPIZZ`, `QTELIST`) VALUES (490, 7, 1);
INSERT INTO `lister` (`NROCMDE`, `NROPIZZ`, `QTELIST`) VALUES (454, 8, 1);
INSERT INTO `lister` (`NROCMDE`, `NROPIZZ`, `QTELIST`) VALUES (475, 8, 2);
INSERT INTO `lister` (`NROCMDE`, `NROPIZZ`, `QTELIST`) VALUES (457, 9, 1);
INSERT INTO `lister` (`NROCMDE`, `NROPIZZ`, `QTELIST`) VALUES (468, 9, 1);
INSERT INTO `lister` (`NROCMDE`, `NROPIZZ`, `QTELIST`) VALUES (456, 10, 2);
INSERT INTO `lister` (`NROCMDE`, `NROPIZZ`, `QTELIST`) VALUES (460, 10, 2);
INSERT INTO `lister` (`NROCMDE`, `NROPIZZ`, `QTELIST`) VALUES (466, 10, 1);
INSERT INTO `lister` (`NROCMDE`, `NROPIZZ`, `QTELIST`) VALUES (474, 10, 1);
INSERT INTO `lister` (`NROCMDE`, `NROPIZZ`, `QTELIST`) VALUES (486, 10, 1);
INSERT INTO `lister` (`NROCMDE`, `NROPIZZ`, `QTELIST`) VALUES (472, 11, 1);
INSERT INTO `lister` (`NROCMDE`, `NROPIZZ`, `QTELIST`) VALUES (483, 11, 1);
INSERT INTO `lister` (`NROCMDE`, `NROPIZZ`, `QTELIST`) VALUES (463, 12, 4);
INSERT INTO `lister` (`NROCMDE`, `NROPIZZ`, `QTELIST`) VALUES (467, 12, 2);
INSERT INTO `lister` (`NROCMDE`, `NROPIZZ`, `QTELIST`) VALUES (479, 12, 2);
INSERT INTO `lister` (`NROCMDE`, `NROPIZZ`, `QTELIST`) VALUES (484, 12, 1);
COMMIT;

-- ----------------------------
-- Table structure for livreur
-- ----------------------------
DROP TABLE IF EXISTS `livreur`;
CREATE TABLE `livreur` (
  `NROLIVR` int(11) NOT NULL AUTO_INCREMENT,
  `NOMLIVR` char(20) DEFAULT NULL,
  `PRENOMLIVR` char(20) DEFAULT NULL,
  `DATEEMBAUCHLIVR` date DEFAULT NULL,
  `PATHIMAGE` varchar(255) DEFAULT NULL,
  PRIMARY KEY (`NROLIVR`) USING BTREE
) ENGINE=InnoDB AUTO_INCREMENT=607 DEFAULT CHARSET=latin1 ROW_FORMAT=DYNAMIC;

-- ----------------------------
-- Records of livreur
-- ----------------------------
BEGIN;
INSERT INTO `livreur` (`NROLIVR`, `NOMLIVR`, `PRENOMLIVR`, `DATEEMBAUCHLIVR`, `PATHIMAGE`) VALUES (101, 'HEMERICHE', 'Sylvain', '2022-10-01', 'https://xsgames.co/randomusers/assets/avatars/male/5.jpg');
INSERT INTO `livreur` (`NROLIVR`, `NOMLIVR`, `PRENOMLIVR`, `DATEEMBAUCHLIVR`, `PATHIMAGE`) VALUES (202, 'GILLON', 'Sylvette', '2023-10-01', 'https://xsgames.co/randomusers/assets/avatars/female/5.jpg');
INSERT INTO `livreur` (`NROLIVR`, `NOMLIVR`, `PRENOMLIVR`, `DATEEMBAUCHLIVR`, `PATHIMAGE`) VALUES (303, 'TOLLAG', 'Dino', '2021-11-01', 'https://xsgames.co/randomusers/assets/avatars/male/51.jpg');
INSERT INTO `livreur` (`NROLIVR`, `NOMLIVR`, `PRENOMLIVR`, `DATEEMBAUCHLIVR`, `PATHIMAGE`) VALUES (404, 'PIGEOT', 'Loïc', '2022-12-01', 'https://xsgames.co/randomusers/assets/avatars/male/73.jpg');
INSERT INTO `livreur` (`NROLIVR`, `NOMLIVR`, `PRENOMLIVR`, `DATEEMBAUCHLIVR`, `PATHIMAGE`) VALUES (505, 'JEAN', 'Sarah', '2019-12-01', 'https://xsgames.co/randomusers/assets/avatars/female/41.jpg');
INSERT INTO `livreur` (`NROLIVR`, `NOMLIVR`, `PRENOMLIVR`, `DATEEMBAUCHLIVR`, `PATHIMAGE`) VALUES (606, 'FERRY', 'Léa', '2021-02-01', 'https://xsgames.co/randomusers/assets/avatars/female/72.jpg');
COMMIT;

-- ----------------------------
-- Table structure for pizza
-- ----------------------------
DROP TABLE IF EXISTS `pizza`;
CREATE TABLE `pizza` (
  `NROPIZZ` int(11) NOT NULL AUTO_INCREMENT,
  `DESIGNPIZZ` char(20) DEFAULT NULL,
  `TARIFPIZZ` decimal(5,2) DEFAULT NULL,
  `PATHIMAGE` varchar(255) DEFAULT NULL,
  PRIMARY KEY (`NROPIZZ`) USING BTREE
) ENGINE=InnoDB AUTO_INCREMENT=14 DEFAULT CHARSET=latin1 ROW_FORMAT=DYNAMIC;

-- ----------------------------
-- Records of pizza
-- ----------------------------
BEGIN;
INSERT INTO `pizza` (`NROPIZZ`, `DESIGNPIZZ`, `TARIFPIZZ`, `PATHIMAGE`) VALUES (1, 'Pizza Caviar', 250.00, 'https://glose.fr/wp-content/uploads/2017/06/caviar-de-neuvic-02b.jpg');
INSERT INTO `pizza` (`NROPIZZ`, `DESIGNPIZZ`, `TARIFPIZZ`, `PATHIMAGE`) VALUES (2, '3 Fromages', 13.50, 'https://img.cuisineaz.com/660x660/2016/06/30/i95078-pizza-4-fromages.jpg');
INSERT INTO `pizza` (`NROPIZZ`, `DESIGNPIZZ`, `TARIFPIZZ`, `PATHIMAGE`) VALUES (3, 'Margarita', 14.50, 'https://images.ctfassets.net/nw5k25xfqsik/64VwvKFqxMWQORE10Tn8pY/200c0538099dc4d1cf62fd07ce59c2af/20220211142754-margherita-9920.jpg');
INSERT INTO `pizza` (`NROPIZZ`, `DESIGNPIZZ`, `TARIFPIZZ`, `PATHIMAGE`) VALUES (4, 'La Fermière', 12.50, 'https://pizza-energie.com/wp-content/uploads/2021/04/FERMIERE-scaled.jpg');
INSERT INTO `pizza` (`NROPIZZ`, `DESIGNPIZZ`, `TARIFPIZZ`, `PATHIMAGE`) VALUES (5, 'La chausson', 13.00, 'https://assets.afcdn.com/recipe/20161130/7916_w1024h1024c1cx2808cy1872.jpg');
INSERT INTO `pizza` (`NROPIZZ`, `DESIGNPIZZ`, `TARIFPIZZ`, `PATHIMAGE`) VALUES (6, 'La Provençale', 12.50, 'https://api.pizzahut.io/v1/content/fr-fr/fr-1/images/pizza/provencale.b540501caae11a20a95ffd269cbdfac8.1.jpg');
INSERT INTO `pizza` (`NROPIZZ`, `DESIGNPIZZ`, `TARIFPIZZ`, `PATHIMAGE`) VALUES (7, 'Chèvre-Miel', 14.50, 'https://lelocalapizzas.fr/wp-content/uploads/2022/02/recette-pizza-chevre-miel.jpg');
INSERT INTO `pizza` (`NROPIZZ`, `DESIGNPIZZ`, `TARIFPIZZ`, `PATHIMAGE`) VALUES (8, 'Pepperoni', 14.50, 'https://lelocalapizzas.fr/wp-content/uploads/2022/03/pizza-pepperoni-recette.jpg');
INSERT INTO `pizza` (`NROPIZZ`, `DESIGNPIZZ`, `TARIFPIZZ`, `PATHIMAGE`) VALUES (9, 'Kebab', 14.50, 'https://lelocalapizzas.fr/wp-content/uploads/2022/02/pizza-kebab-recette-600x600.jpg');
INSERT INTO `pizza` (`NROPIZZ`, `DESIGNPIZZ`, `TARIFPIZZ`, `PATHIMAGE`) VALUES (10, 'La primeure', 12.50, 'https://popi-pizza.fr/wp-content/uploads/2020/08/aldo.jpg');
INSERT INTO `pizza` (`NROPIZZ`, `DESIGNPIZZ`, `TARIFPIZZ`, `PATHIMAGE`) VALUES (11, 'Orientale', 14.50, 'https://lacuisineensemble.fr/wp-content/uploads/2020/04/recette-pizza-chorizo-poivrons.jpg');
INSERT INTO `pizza` (`NROPIZZ`, `DESIGNPIZZ`, `TARIFPIZZ`, `PATHIMAGE`) VALUES (12, 'La Savoyarde', 14.50, 'https://assets.afcdn.com/recipe/20200206/107157_w1024h1024c1cx2183cy3144cxt0cyt0cxb3744cyb5616.jpg');
INSERT INTO `pizza` (`NROPIZZ`, `DESIGNPIZZ`, `TARIFPIZZ`, `PATHIMAGE`) VALUES (13, 'la Pêcheur', 13.50, 'https://fivepizzaoriginal.com/wp-content/uploads/2022/07/P%E2%80%9Acheur-copie.jpg');
COMMIT;

SET FOREIGN_KEY_CHECKS = 1;
